CustID,Customer Name
Cust01,"Zieme, Doyle and Kunze "
Cust02,Feest PLC 
Cust03,Medhurst-Beer Pharmaceutical Limited
Cust04,Barton Ltd Pharma Plc
Cust05,Keeling LLC Pharmacy
Cust06,Runte-Marquardt Pharmaceutical Ltd
Cust07,"Blick, Pacocha and Schowalter "
Cust08,Leuschke PLC Pharmacy
Cust09,Miller-Satterfield Pharma Plc
Cust010,Bashirian-Kassulke Pharma Plc
Cust011,Wolff Group Pharm
Cust012,"Denesik, Walter and Beatty Pharma Plc"
Cust013,Breitenberg-Kuhn Pharmacy
Cust014,"McClure, Zemlak and Dibbert Pharma Plc"
Cust015,Block-Romaguera Pharmaceutical Limited
Cust016,"Hahn, Rutherford and Gislason Pharmaceutical Limited"
Cust017,D'Amore and Sons 
Cust018,Koss Ltd Pharmaceutical Limited
Cust019,Fadel-West 
Cust020,Lindgren-Simonis Pharm
Cust021,"Spinka, Schowalter and Conn Pharmaceutical Limited"
Cust022,Will and Sons Pharma Plc
Cust023,Jakubowski Inc Pharmaceutical Limited
Cust024,Schaden-Hirthe Pharmaceutical Ltd
Cust025,Mraz Group Pharmacy
Cust026,Nader-Gaylord Pharmaceutical Ltd
Cust027,Heidenreich Group Pharmaceutical Ltd
Cust028,Mante-Grady Pharm
Cust029,Feest-Kshlerin Pharmaceutical Ltd
Cust030,"Leuschke, Waters and Schowalter Pharmaceutical Ltd"
Cust031,"Hirthe, Williamson and Macejkovic Pharma Plc"
Cust032,Emard-O'Connell Pharmacy
Cust033,Carter-Conn Pharma Plc
Cust034,"Heathcote, Grant and Witting Pharm"
Cust035,Boyer and Sons Pharmaceutical Limited
Cust036,Rowe PLC Pharmaceutical Ltd
Cust037,McCullough LLC Pharma Plc
Cust038,"Grimes, Jacobs and Durgan Pharm"
Cust039,"Balistreri, Torp and Gulgowski Pharmacy"
Cust040,Will and Sons Pharmaceutical Limited
Cust041,Osinski-Collins Pharmaceutical Ltd
Cust042,"Parisian, Hagenes and Skiles Pharma Plc"
Cust043,"Schmitt, Berge and Haley Pharma Plc"
Cust044,"Funk, Ratke and Heaney Pharmacy"
Cust045,Walsh-Brown Pharmacy
Cust046,"Schowalter, Runolfsson and VonRueden Pharmaceutical Ltd"
Cust047,"Beahan, Littel and Ondricka Pharmacy"
Cust048,Veum-Kerluke Pharmacy
Cust049,Doyle-Tillman Pharmaceutical Ltd
Cust050,Ondricka Ltd Pharmacy
Cust051,Raynor-Graham Pharmaceutical Limited
Cust052,Koss-Beier 
Cust053,"Johnson, Friesen and Torphy Pharma Plc"
Cust054,Koch-Osinski Pharm
Cust055,Schaefer LLC Pharmacy
Cust056,Funk and Sons Pharmaceutical Limited
Cust057,Marquardt-Ryan Pharmaceutical Ltd
Cust058,"Romaguera, Moen and Hagenes Pharmaceutical Limited"
Cust059,Hartmann-Wolf 
Cust060,Schmitt LLC Pharm
Cust061,"Buckridge, Dach and Carroll Pharmaceutical Limited"
Cust062,"Yundt, Leuschke and Ward Pharmaceutical Ltd"
Cust063,Rohan Inc 
Cust064,"Wintheiser, Breitenberg and Gottlieb Pharmaceutical Limited"
Cust065,Pfeffer-Hodkiewicz Pharmaceutical Ltd
Cust066,"Moen, Murazik and Smith "
Cust067,Jast-Cruickshank Pharma Plc
Cust068,"Hills, Stroman and Ernser Pharm"
Cust069,"Schinner, Gaylord and Treutel Pharmaceutical Ltd"
Cust070,Graham and Sons Pharmacy
Cust071,Stehr-Champlin Pharmaceutical Limited
Cust072,Mann-Waelchi Pharm
Cust073,Haley PLC Pharmaceutical Limited
Cust074,Denesik-Hintz Pharm
Cust075,"Rosenbaum, Klein and Herzog "
Cust076,Trantow LLC Pharma Plc
Cust077,Hill Ltd 
Cust078,Leannon-West Pharmacy
Cust079,"Kub, Von and Herzog Pharmacy"
Cust080,Welch-Orn 
Cust081,Purdy Ltd Pharmaceutical Limited
Cust082,Balistreri-Watsica Pharmacy
Cust083,"Herman, Rice and Rippin "
Cust084,Kertzmann-Ward Pharma Plc
Cust085,Streich PLC Pharmaceutical Limited
Cust086,"Upton, Abernathy and Goodwin Pharmaceutical Ltd"
Cust087,"Greenholt, Donnelly and O'Reilly Pharmaceutical Limited"
Cust088,"Kilback, Beer and Batz Pharma Plc"
Cust089,Kunze PLC Pharm
Cust090,Lesch PLC Pharmacy
Cust091,Hermiston LLC 
Cust092,Kozey Ltd Pharmaceutical Ltd
Cust093,Bayer LLC Pharmaceutical Ltd
Cust094,"Buckridge, Hand and Hyatt Pharma Plc"
Cust095,Hansen Group Pharm
Cust096,Beier PLC Pharmacy
Cust097,"Paucek, Keeling and Bruen Pharm"
Cust098,Schaefer-Rolfson 
Cust099,West Group Pharmacy
Cust0100,Kozey-Schroeder 
Cust0101,"Koch, Borer and Hagenes "
Cust0102,"Wunsch, Mills and Walter "
Cust0103,Crist Inc 
Cust0104,"Sanford, Franecki and Greenholt "
Cust0105,Steuber Ltd Pharmacy
Cust0106,Prohaska-Kuhic Pharmacy
Cust0107,Hermiston and Sons Pharma Plc
Cust0108,Monahan Ltd 
Cust0109,"Steuber, Skiles and Kilback Pharma Plc"
Cust0110,Funk PLC Pharmaceutical Limited
Cust0111,Spencer-Jerde Pharmacy
Cust0112,Moore PLC Pharmaceutical Ltd
Cust0113,Torp-Fisher Pharma Plc
Cust0114,Botsford and Sons Pharmaceutical Ltd
Cust0115,Crona Group Pharma Plc
Cust0116,Mills Inc Pharma Plc
Cust0117,Herman-Koss Pharm
Cust0118,Kling Inc Pharmaceutical Ltd
Cust0119,"Bernier, Murphy and Rau Pharmaceutical Ltd"
Cust0120,"Gleichner, Bahringer and Morar Pharma Plc"
Cust0121,Erdman PLC Pharmacy
Cust0122,Yundt-Crona Pharmaceutical Ltd
Cust0123,Okuneva-Corkery 
Cust0124,Gottlieb-Cruickshank Pharma Plc
Cust0125,"Hansen, Fadel and Schroeder Pharm"
Cust0126,Schaefer Group Pharmaceutical Limited
Cust0127,Senger-Kirlin Pharmacy
Cust0128,Leffler-Russel Pharm
Cust0129,Nader-Gaylord Pharmaceutical Limited
Cust0130,Heller-Abernathy 
Cust0131,Rutherford and Sons 
Cust0132,Lockman Ltd 
Cust0133,Rogahn-Klein Pharmacy
Cust0134,"Crist, Wisoky and Nolan Pharmaceutical Ltd"
Cust0135,"Kshlerin, Ryan and Leuschke Pharma Plc"
Cust0136,"Cormier, Dietrich and Zulauf Pharma Plc"
Cust0137,Crona PLC Pharma Plc
Cust0138,Kreiger Inc Pharma Plc
Cust0139,"Nitzsche, Effertz and Maggio Pharmacy"
Cust0140,"Lebsack, Yost and Heller Pharmaceutical Limited"
Cust0141,"Harris, Daugherty and Okuneva Pharma Plc"
Cust0142,Zemlak Group Pharmaceutical Limited
Cust0143,"Bogan, Jacobs and Kris Pharmacy"
Cust0144,"Kertzmann, Quitzon and Harris Pharma Plc"
Cust0145,Cassin PLC Pharmacy
Cust0146,Lesch PLC Pharmaceutical Ltd
Cust0147,Bosco-Marquardt Pharm
Cust0148,"Gerhold, Mills and Effertz Pharm"
Cust0149,Welch-Langworth 
Cust0150,"Brakus, Rempel and Harber Pharma Plc"
Cust0151,Zemlak-Witting Pharmacy
Cust0152,Powlowski-Buckridge Pharma Plc
Cust0153,"Runolfsson, Swaniawski and Jaskolski Pharmacy"
Cust0154,"Beer, Kohler and Beatty Pharmaceutical Ltd"
Cust0155,Bartoletti-Altenwerth 
Cust0156,Buckridge-Strosin Pharmaceutical Limited
Cust0157,Ward Group Pharmaceutical Limited
Cust0158,Kutch-Marks Pharm
Cust0159,Schimmel-Waelchi Pharmaceutical Ltd
Cust0160,"Kuphal, D'Amore and Bode Pharmaceutical Ltd"
Cust0161,Lockman-Welch Pharm
Cust0162,"Nolan, DuBuque and Schultz Pharm"
Cust0163,Barrows Inc 
Cust0164,"Towne, Cummerata and Blanda Pharm"
Cust0165,"Wiegand, Jast and Yost Pharma Plc"
Cust0166,Lemke Ltd Pharm
Cust0167,Walter Ltd 
Cust0168,Nader-Borer Pharma Plc
Cust0169,Botsford PLC Pharmacy
Cust0170,"Casper, Hyatt and Jakubowski Pharmaceutical Limited"
Cust0171,"McClure, Zemlak and Dibbert Pharmaceutical Limited"
Cust0172,Romaguera-Fay Pharmaceutical Limited
Cust0173,"Ondricka, Rosenbaum and Beahan "
Cust0174,Parisian Ltd Pharm
Cust0175,Hayes-Kilback Pharmaceutical Ltd
Cust0176,Gibson-Hill Pharma Plc
Cust0177,Gerlach LLC 
Cust0178,Kuhic LLC Pharma Plc
Cust0179,Abernathy Group Pharmaceutical Limited
Cust0180,Vandervort LLC Pharma Plc
Cust0181,"Effertz, Heaney and Tillman Pharmaceutical Ltd"
Cust0182,Sauer and Sons Pharmaceutical Limited
Cust0183,"Erdman, Senger and Oberbrunner Pharm"
Cust0184,Rohan PLC Pharmaceutical Limited
Cust0185,Schulist-Zulauf Pharm
Cust0186,"Haag, Bradtke and Terry Pharmacy"
Cust0187,Waelchi LLC Pharmacy
Cust0188,Feest-Roob Pharmaceutical Ltd
Cust0189,"Reynolds, Jast and Mante Pharma Plc"
Cust0190,Pfannerstill Group Pharmaceutical Ltd
Cust0191,Buckridge-Davis 
Cust0192,Balistreri Group Pharmaceutical Ltd
Cust0193,Ritchie-Rodriguez Pharm
Cust0194,Daugherty-Rempel Pharma Plc
Cust0195,"Roob, Ernser and Kub Pharmaceutical Limited"
Cust0196,Fritsch-Hauck Pharma Plc
Cust0197,Roob PLC 
Cust0198,Reilly Ltd 
Cust0199,Stanton-Cole 
Cust0200,Mraz-Kutch Pharm
Cust0201,Fadel-West Pharmacy
Cust0202,Nader-Gaylord Pharmacy
Cust0203,McKenzie-Zemlak Pharm
Cust0204,Fritsch-Hauck Pharmaceutical Ltd
Cust0205,"Bernier, Murphy and Rau Pharma Plc"
Cust0206,Parisian Ltd Pharmacy
Cust0207,Beier PLC 
Cust0208,Wehner-Stehr 
Cust0209,Barrows-Kohler Pharm
Cust0210,McDermott Group Pharmaceutical Ltd
Cust0211,"Hansen, Fadel and Schroeder Pharma Plc"
Cust0212,Zemlak Group Pharmacy
Cust0213,Spencer-Jerde Pharmaceutical Limited
Cust0214,Kutch-Marks Pharmaceutical Limited
Cust0215,"Nitzsche, Effertz and Maggio Pharmaceutical Limited"
Cust0216,"Blanda, Stehr and Gleason Pharma Plc"
Cust0217,Koss-Beier Pharmacy
Cust0218,"Towne, Cummerata and Blanda Pharmaceutical Ltd"
Cust0219,Rohan and Sons Pharmaceutical Limited
Cust0220,Stanton-Cole Pharmacy
Cust0221,Botsford and Sons 
Cust0222,Crona PLC Pharmacy
Cust0223,"Leuschke, Waters and Schowalter Pharmacy"
Cust0224,Moore PLC Pharm
Cust0225,Rowe PLC Pharm
Cust0226,Heller-Abernathy Pharma Plc
Cust0227,Monahan Ltd Pharmaceutical Ltd
Cust0228,Walsh-Brown Pharma Plc
Cust0229,Kris LLC Pharm
Cust0230,"Paucek, Keeling and Bruen Pharmaceutical Limited"
Cust0231,"Fritsch, Hodkiewicz and Sipes Pharma Plc"
Cust0232,Schimmel-Waelchi Pharma Plc
Cust0233,"Runolfsson, Swaniawski and Jaskolski Pharmaceutical Limited"
Cust0234,"Denesik, Walter and Beatty Pharmacy"
Cust0235,Lemke Ltd Pharmaceutical Limited
Cust0236,"Gerhold, Mills and Effertz Pharma Plc"
Cust0237,Hill Ltd Pharmaceutical Limited
Cust0238,Pfannerstill Group Pharmaceutical Limited
Cust0239,Ondricka-Waters Pharmaceutical Ltd
Cust0240,Franecki Inc Pharma Plc
Cust0241,Reinger Group Pharmaceutical Limited
Cust0242,"Harris, Daugherty and Okuneva Pharmaceutical Limited"
Cust0243,Reichel Inc Pharm
Cust0244,Fritsch LLC Pharm
Cust0245,Barrows-Kohler Pharma Plc
Cust0246,Runte-Marquardt Pharmacy
Cust0247,Cassin PLC Pharma Plc
Cust0248,Raynor LLC Pharm
Cust0249,"Hirthe, Williamson and Macejkovic Pharmacy"
Cust0250,D'Amore and Sons Pharmacy
Cust0251,"Kirlin, Hamill and Dickinson Pharma Plc"
Cust0252,Crist Inc Pharma Plc
Cust0253,Denesik-Hintz Pharma Plc
Cust0254,Heidenreich Group Pharm
Cust0255,"Armstrong, Medhurst and Bogisich Pharmaceutical Ltd"
Cust0256,"Kuphal, D'Amore and Bode Pharm"
Cust0257,Weber Ltd Pharmaceutical Ltd
Cust0258,VonRueden-Adams Pharm
Cust0259,Kunze PLC Pharma Plc
Cust0260,"Langworth, Olson and Satterfield Pharm"
Cust0261,"Brakus, Rempel and Harber Pharmacy"
Cust0262,"Casper, Hyatt and Jakubowski Pharmacy"
Cust0263,Buckridge-Strosin Pharmaceutical Ltd
Cust0264,Runolfsson-Halvorson Pharm
Cust0265,"Kertzmann, Quitzon and Harris "
Cust0266,"Denesik, Walter and Beatty "
Cust0267,Schuppe Inc 
Cust0268,Okuneva-Corkery Pharm
Cust0269,Graham and Sons Pharm
Cust0270,Pfeffer-Hodkiewicz Pharm
Cust0271,"Parker, Green and Emmerich Pharma Plc"
Cust0272,Collins-Schmidt Pharmaceutical Limited
Cust0273,"Reynolds, Jast and Mante Pharm"
Cust0274,Schimmel-Waelchi Pharmaceutical Limited
Cust0275,"Steuber, Hills and Botsford "
Cust0276,Bayer LLC Pharm
Cust0277,Funk and Sons Pharmacy
Cust0278,Homenick-Larson Pharmaceutical Ltd
Cust0279,Mraz Group Pharma Plc
Cust0280,Ondricka Ltd Pharmaceutical Ltd
Cust0281,Daugherty-Rempel Pharmaceutical Limited
Cust0282,"Kub, Von and Herzog Pharmaceutical Ltd"
Cust0283,"Funk, Ratke and Heaney Pharma Plc"
Cust0284,Hermiston LLC Pharm
Cust0285,Konopelski-Blick 
Cust0286,"Beer, Kohler and Beatty "
Cust0287,"Will, McGlynn and Fritsch Pharmaceutical Ltd"
Cust0288,Heller-Abernathy Pharmaceutical Limited
Cust0289,"Kuphal, D'Amore and Bode Pharmacy"
Cust0290,"Balistreri, Torp and Gulgowski "
Cust0291,Tillman Group Pharmaceutical Limited
Cust0292,"Rosenbaum, Klein and Herzog Pharmaceutical Ltd"
Cust0293,Jacobs-Jones Pharma Plc
Cust0294,"Armstrong, Medhurst and Bogisich Pharmacy"
Cust0295,"Rosenbaum, Klein and Herzog Pharma Plc"
Cust0296,Leffler-Russel Pharmaceutical Ltd
Cust0297,"Beahan, Littel and Ondricka "
Cust0298,Streich PLC 
Cust0299,Kreiger Inc Pharm
Cust0300,"Gleichner, Bahringer and Morar Pharmacy"
Cust0301,"Zieme, Doyle and Kunze Pharmacy"
Cust0302,Crist Inc Pharmaceutical Ltd
Cust0303,Abernathy and Sons Pharmaceutical Limited
Cust0304,Sauer-Herzog Pharmaceutical Limited
Cust0305,Feest PLC Pharmaceutical Ltd
Cust0306,McCullough LLC Pharmaceutical Ltd
Cust0307,"Sanford, Franecki and Greenholt Pharma Plc"
Cust0308,Koss-Beier Pharmaceutical Limited
Cust0309,Crist Ltd Pharma Plc
Cust0310,Powlowski-Buckridge Pharmacy
Cust0311,Zemlak-Witting 
Cust0312,Kozey-Schroeder Pharma Plc
Cust0313,Dach PLC 
Cust0314,"Kshlerin, Ryan and Leuschke Pharm"
Cust0315,"Beahan, Littel and Ondricka Pharma Plc"
Cust0316,Ondricka Ltd 
Cust0317,"Daniel, Baumbach and Nitzsche "
Cust0318,Gulgowski-Vandervort Pharma Plc
Cust0319,"Roob, Ernser and Kub Pharmaceutical Ltd"
Cust0320,Waelchi LLC Pharm
Cust0321,Raynor-Graham Pharma Plc
Cust0322,"Sanford, Franecki and Greenholt Pharmaceutical Ltd"
Cust0323,Fahey-Flatley Pharmaceutical Ltd
Cust0324,Marquardt PLC 
Cust0325,Denesik-Hintz Pharmaceutical Limited
Cust0326,Dach PLC Pharm
Cust0327,Schulist-Zulauf 
Cust0328,Sauer and Sons 
Cust0329,Trantow LLC Pharm
Cust0330,Marquardt-Ryan Pharm
Cust0331,Hansen Group Pharmacy
Cust0332,"Johns, Mueller and Nitzsche "
Cust0333,"Will, McGlynn and Fritsch Pharmaceutical Limited"
Cust0334,VonRueden-Adams Pharmaceutical Limited
Cust0335,"Parisian, Hagenes and Skiles Pharmacy"
Cust0336,"Paucek, Keeling and Bruen Pharma Plc"
Cust0337,Quigley-Heathcote Pharm
Cust0338,Jast-Cruickshank Pharmacy
Cust0339,Block-Romaguera Pharmacy
Cust0340,Kris LLC Pharmaceutical Ltd
Cust0341,"Koch, Borer and Hagenes Pharm"
Cust0342,Leffler-Russel Pharmaceutical Limited
Cust0343,Kihn Group Pharmaceutical Limited
Cust0344,"Fritsch, Hodkiewicz and Sipes Pharmacy"
Cust0345,Corkery-Kovacek Pharm
Cust0346,Roob PLC Pharmaceutical Limited
Cust0347,Senger-Kirlin Pharmaceutical Ltd
Cust0348,Hane Ltd 
Cust0349,"Harris, Daugherty and Okuneva Pharm"
Cust0350,Ward Group Pharm
Cust0351,"Haag, Bradtke and Terry "
Cust0352,Buckridge-Strosin Pharma Plc
Cust0353,"Kilback, Beer and Batz "
Cust0354,Homenick-Larson 
Cust0355,"Kirlin, Hamill and Dickinson Pharmaceutical Limited"
Cust0356,"Zieme, Doyle and Kunze Pharm"
Cust0357,"Steuber, Skiles and Kilback Pharmaceutical Limited"
Cust0358,Botsford and Sons Pharma Plc
Cust0359,"Schowalter, Runolfsson and VonRueden Pharmaceutical Limited"
Cust0360,Gleason PLC Pharmaceutical Limited
Cust0361,Durgan-Rice Pharmaceutical Ltd
Cust0362,Medhurst-Beer 
Cust0363,Daugherty-Rempel Pharm
Cust0364,Rosenbaum-Tromp Pharmacy
Cust0365,Marquardt-Ryan Pharma Plc
Cust0366,Barton Ltd Pharmaceutical Limited
Cust0367,Kutch-Marks Pharma Plc
Cust0368,Cremin-Zemlak Pharma Plc
Cust0369,Hermiston and Sons Pharmacy
Cust0370,Abernathy Group Pharmacy
Cust0371,Upton PLC Pharmaceutical Limited
Cust0372,Hayes-Kilback Pharmaceutical Limited
Cust0373,Runolfsson-Powlowski Pharmaceutical Limited
Cust0374,Veum and Sons Pharmaceutical Ltd
Cust0375,Kuhic LLC Pharmaceutical Limited
Cust0376,Wolff Group Pharmaceutical Ltd
Cust0377,Zemlak Group Pharm
Cust0378,"Grimes, Jacobs and Durgan Pharma Plc"
Cust0379,Graham and Sons Pharma Plc
Cust0380,Mraz Group Pharmaceutical Limited
Cust0381,Emard-O'Connell Pharmaceutical Ltd
Cust0382,Schulist LLC Pharmaceutical Limited
Cust0383,Pfeffer-Kirlin Pharmaceutical Limited
Cust0384,Buckridge Inc Pharmaceutical Limited
Cust0385,Barrows Inc Pharmacy
Cust0386,West Group Pharma Plc
Cust0387,Balistreri-Watsica Pharma Plc
Cust0388,Ondricka-Waters Pharmaceutical Limited
Cust0389,Rogahn-Klein Pharma Plc
Cust0390,Gerlach LLC Pharma Plc
Cust0391,"Barrows, Zboncak and Reichert Pharma Plc"
Cust0392,Schaefer-Rolfson Pharma Plc
Cust0393,"Hansen, Fadel and Schroeder Pharmaceutical Ltd"
Cust0394,"Towne, Cummerata and Blanda Pharmaceutical Limited"
Cust0395,Franecki Inc Pharmacy
Cust0396,Torp-Fisher 
Cust0397,Steuber Ltd Pharm
Cust0398,Schulist-Zulauf Pharmaceutical Ltd
Cust0399,Rohan and Sons Pharma Plc
Cust0400,"Rodriguez, Stokes and Dickens Pharma Plc"
Cust0401,"Hahn, Rutherford and Gislason Pharmacy"
Cust0402,Abernathy Group 
Cust0403,"Steuber, Hills and Botsford Pharma Plc"
Cust0404,Sipes and Sons Pharmaceutical Limited
Cust0405,Zemlak-Witting Pharmaceutical Limited
Cust0406,Prohaska-Kuhic Pharma Plc
Cust0407,"Reinger, Kihn and Goyette Pharma Plc"
Cust0408,Welch-Langworth Pharm
Cust0409,Funk PLC Pharm
Cust0410,Turner Ltd Pharmacy
Cust0411,Hermiston and Sons Pharmaceutical Ltd
Cust0412,Ward Group Pharma Plc
Cust0413,Gerlach LLC Pharmacy
Cust0414,Raynor-Graham 
Cust0415,"Cormier, Dietrich and Zulauf Pharmacy"
Cust0416,Bashirian Group 
Cust0417,Watsica-Kovacek Pharmacy
Cust0418,Rohan PLC Pharmacy
Cust0419,Collins-Schmidt Pharma Plc
Cust0420,Kohler-Bednar Pharmaceutical Ltd
Cust0421,Turner Ltd 
Cust0422,Hermiston LLC Pharmaceutical Limited
Cust0423,"Ondricka, Rosenbaum and Beahan Pharm"
Cust0424,"Schinner, Gaylord and Treutel Pharmacy"
Cust0425,"Reinger, Kihn and Goyette Pharmaceutical Limited"
Cust0426,Leannon-West Pharmaceutical Limited
Cust0427,Durgan-Rice Pharmacy
Cust0428,Welch-Orn Pharmacy
Cust0429,Emard-O'Connell Pharm
Cust0430,Osinski-Collins Pharma Plc
Cust0431,Skiles-McKenzie Pharmaceutical Limited
Cust0432,"Johnson, Friesen and Torphy Pharm"
Cust0433,Kling Inc 
Cust0434,Mraz-Kutch Pharmacy
Cust0435,"Prohaska, Bogisich and Gutkowski Pharmaceutical Limited"
Cust0436,Fadel-West Pharmaceutical Ltd
Cust0437,"Nitzsche, Effertz and Maggio "
Cust0438,Kris LLC Pharmacy
Cust0439,Legros-Runte Pharmaceutical Ltd
Cust0440,Schuppe Inc Pharm
Cust0441,Barrows Inc Pharmaceutical Limited
Cust0442,"Corkery, Trantow and Ferry Pharma Plc"
Cust0443,Osinski-Botsford Pharm
Cust0444,Lockman-Welch Pharmaceutical Limited
Cust0445,D'Amore and Sons Pharm
Cust0446,Lockman-Welch 
Cust0447,Reilly Ltd Pharma Plc
Cust0448,Skiles-McKenzie Pharmacy
Cust0449,"Barrows, Zboncak and Reichert Pharm"
Cust0450,"Effertz, Heaney and Tillman Pharma Plc"
Cust0451,"Herman, Rice and Rippin Pharmaceutical Limited"
Cust0452,"Effertz, Heaney and Tillman Pharm"
Cust0453,"Watsica, Larson and Labadie Pharma Plc"
Cust0454,Friesen Group 
Cust0455,Reilly Ltd Pharmacy
Cust0456,"Roob, Ernser and Kub Pharmacy"
Cust0457,"Bernier, Murphy and Rau Pharmaceutical Limited"
Cust0458,"Lebsack, Yost and Heller Pharma Plc"
Cust0459,"Prohaska, Bogisich and Gutkowski Pharm"
Cust0460,"Erdman, Senger and Oberbrunner Pharmacy"
Cust0461,Dach Ltd Pharma Plc
Cust0462,Funk PLC Pharma Plc
Cust0463,Kertzmann-Ward Pharmaceutical Limited
Cust0464,Herman-Koss Pharmaceutical Limited
Cust0465,Armstrong Inc Pharm
Cust0466,Barton Ltd Pharm
Cust0467,Miller-Satterfield Pharm
Cust0468,Haley PLC Pharmacy
Cust0469,"Pfannerstill, Upton and Balistreri Pharmacy"
Cust0470,Cassin PLC Pharmaceutical Limited
Cust0471,Crona Group 
Cust0472,Stehr-Champlin Pharmacy
Cust0473,Schaefer LLC Pharma Plc
Cust0474,"Hirthe, Williamson and Macejkovic "
Cust0475,Kozey Ltd Pharma Plc
Cust0476,"Moen, Murazik and Smith Pharmaceutical Ltd"
Cust0477,Mann-Waelchi Pharma Plc
Cust0478,"Block, Thiel and Kuphal Pharm"
Cust0479,Predovic LLC Pharmaceutical Limited
Cust0480,Goldner-Tillman Pharm
Cust0481,Buckridge Inc Pharm
Cust0482,Kihn Group 
Cust0483,Dach Ltd Pharm
Cust0484,Medhurst-Beer Pharm
Cust0485,Terry-Kub Pharmaceutical Ltd
Cust0486,Pfeffer-Kirlin Pharmacy
Cust0487,Kreiger Inc 
Cust0488,"Wisozk, Brekke and Bartoletti Pharmacy"
Cust0489,Lemke Ltd Pharma Plc
Cust0490,Buckridge-Davis Pharmaceutical Limited
Cust0491,Jakubowski Inc Pharmacy
Cust0492,Fahey-Prosacco Pharmacy
Cust0493,Fritsch-Hauck Pharm
Cust0494,Leannon-West 
Cust0495,Streich PLC Pharm
Cust0496,"Koelpin, Luettgen and Abernathy Pharmaceutical Ltd"
Cust0497,"Schinner, Gaylord and Treutel Pharmaceutical Limited"
Cust0498,Gottlieb-Koss Pharm
Cust0499,Feest-Roob Pharmaceutical Limited
Cust0500,Rogahn-Klein Pharm
Cust0501,Runolfsson-Powlowski Pharmacy
Cust0502,"Kertzmann, Quitzon and Harris Pharmaceutical Limited"
Cust0503,Koch-Osinski Pharmaceutical Ltd
Cust0504,Cartwright-Fay 
Cust0505,Rutherford and Sons Pharm
Cust0506,"Johns, Mueller and Nitzsche Pharma Plc"
Cust0507,Murray PLC 
Cust0508,"Moen, Murazik and Smith Pharm"
Cust0509,Yundt-Crona Pharm
Cust0510,Lockman Ltd Pharma Plc
Cust0511,"Wuckert, Kreiger and Howell Pharma Plc"
Cust0512,Balistreri Group Pharm
Cust0513,"Hammes, Bashirian and Pacocha "
Cust0514,Schmitt LLC Pharma Plc
Cust0515,Doyle-Tillman Pharmaceutical Limited
Cust0516,"Wuckert, Kreiger and Howell "
Cust0517,Koss Ltd Pharma Plc
Cust0518,Kozey-Emmerich 
Cust0519,Pfannerstill Group 
Cust0520,Jakubowski Inc Pharma Plc
Cust0521,"Wunsch, Mills and Walter Pharm"
Cust0522,"Hahn, Rutherford and Gislason Pharm"
Cust0523,Leuschke PLC Pharmaceutical Ltd
Cust0524,Hartmann-Wolf Pharmaceutical Limited
Cust0525,"Bogan, Jacobs and Kris Pharmaceutical Ltd"
Cust0526,Legros-Runte Pharmaceutical Limited
Cust0527,Pfeffer-Hodkiewicz 
Cust0528,"Wunsch, Mills and Walter Pharmaceutical Limited"
Cust0529,Gulgowski-Vandervort Pharm
Cust0530,Mraz-Kutch Pharma Plc
Cust0531,Mills Inc Pharmaceutical Ltd
Cust0532,Block-Romaguera 
Cust0533,Breitenberg-Kuhn 
Cust0534,Bartoletti-Altenwerth Pharm
Cust0535,Hane Ltd Pharmaceutical Ltd
Cust0536,Mayert-Weber Pharmaceutical Ltd
Cust0537,Powlowski-Buckridge 
Cust0538,Balistreri Group Pharmacy
Cust0539,"Wintheiser, Breitenberg and Gottlieb "
Cust0540,Jacobs-Jones Pharmaceutical Ltd
Cust0541,Feest-Kshlerin 
Cust0542,West Group Pharm
Cust0543,"Kshlerin, Ryan and Leuschke "
Cust0544,Senger-Kirlin Pharma Plc
Cust0545,Funk and Sons Pharm
Cust0546,"Hills, Stroman and Ernser "
Cust0547,Predovic LLC Pharmaceutical Ltd
Cust0548,Mann-Waelchi Pharmacy
Cust0549,Sauer-Herzog Pharmacy
Cust0550,Kozey-Emmerich Pharmacy
Cust0551,"Yundt, Leuschke and Ward "
Cust0552,Waelchi LLC Pharmaceutical Limited
Cust0553,Sipes and Sons Pharma Plc
Cust0554,Terry-Kub Pharma Plc
Cust0555,Murray PLC Pharma Plc
Cust0556,Veum-Kerluke Pharma Plc
Cust0557,"Hammes, Bashirian and Pacocha Pharmacy"
Cust0558,"Gerhold, Mills and Effertz "
Cust0559,Mayert-Weber 
Cust0560,"Kub, Von and Herzog Pharmaceutical Limited"
Cust0561,McDermott Inc Pharmacy
Cust0562,"Upton, Abernathy and Goodwin Pharmaceutical Limited"
Cust0563,Lindgren-Simonis Pharmacy
Cust0564,Cummings LLC Pharmaceutical Ltd
Cust0565,Kris LLC Pharmaceutical Limited
Cust0566,"Koelpin, Luettgen and Abernathy Pharmacy"
Cust0567,Okuneva-Corkery Pharma Plc
Cust0568,Cartwright-Fay Pharmaceutical Ltd
Cust0569,"Hills, Stroman and Ernser Pharmaceutical Ltd"
Cust0570,Kozey-Schroeder Pharm
Cust0571,"Crist, Wisoky and Nolan Pharm"
Cust0572,Hill Ltd Pharma Plc
Cust0573,Welch-Orn Pharm
Cust0574,Feest-Roob Pharmacy
Cust0575,Ritchie-Rodriguez Pharmacy
Cust0576,"Buckridge, Hand and Hyatt "
Cust0577,"Parisian, Hagenes and Skiles Pharm"
Cust0578,Purdy Ltd Pharm
Cust0579,"Daniel, Baumbach and Nitzsche Pharmacy"
Cust0580,"Kuphal, Herzog and Purdy Pharmaceutical Limited"
Cust0581,"Buckridge, Dach and Carroll Pharmaceutical Ltd"
Cust0582,"Heathcote, Grant and Witting Pharmaceutical Limited"
Cust0583,Romaguera-Fay Pharmaceutical Ltd
Cust0584,"Wiegand, Jast and Yost Pharmaceutical Ltd"
Cust0585,Schaefer Group 
Cust0586,"Pfannerstill, Upton and Balistreri Pharm"
Cust0587,Kuhic LLC 
Cust0588,Crona PLC Pharmaceutical Ltd
Cust0589,"Blick, Pacocha and Schowalter Pharmacy"
Cust0590,"Romaguera, Moen and Hagenes Pharm"
Cust0591,McDermott Group Pharmacy
Cust0592,"Parker, Green and Emmerich Pharmacy"
Cust0593,Will and Sons Pharmacy
Cust0594,Stanton-Cole Pharma Plc
Cust0595,Paucek PLC Pharm
Cust0596,Harris-Conroy Pharmacy
Cust0597,"Wintheiser, Breitenberg and Gottlieb Pharma Plc"
Cust0598,"Kutch, Daniel and Ortiz Pharm"
Cust0599,Keeling LLC Pharmaceutical Limited
Cust0600,Fritsch LLC Pharmaceutical Ltd
Cust0601,Herman-Koss Pharmaceutical Ltd
Cust0602,"Block, Thiel and Kuphal Pharmaceutical Limited"
Cust0603,Rosenbaum-Tromp Pharm
Cust0604,Carter-Conn Pharmaceutical Ltd
Cust0605,"Romaguera, Moen and Hagenes Pharmacy"
Cust0606,Buckridge-Davis Pharmaceutical Ltd
Cust0607,Osinski-Collins 
Cust0608,Koss Ltd Pharmaceutical Ltd
Cust0609,Reichel Inc 
Cust0610,Gottlieb-Cruickshank Pharm
Cust0611,White Inc Pharmacy
Cust0612,Paucek PLC 
Cust0613,"Greenholt, Donnelly and O'Reilly Pharmaceutical Ltd"
Cust0614,"Spinka, Schowalter and Conn "
Cust0615,"Nolan, DuBuque and Schultz Pharmacy"
Cust0616,Harris-Conroy Pharm
Cust0617,"Torphy, Pfeffer and Jakubowski Pharm"
Cust0618,Prohaska-Kuhic Pharmaceutical Limited
Cust0619,Veum and Sons Pharmaceutical Limited
Cust0620,Hoeger Ltd 
Cust0621,"Blanda, Stehr and Gleason Pharmaceutical Ltd"
Cust0622,McDermott Inc Pharma Plc
Cust0623,Armstrong Inc Pharma Plc
Cust0624,"Koch, Borer and Hagenes Pharmaceutical Ltd"
Cust0625,Walter Ltd Pharmaceutical Limited
Cust0626,Hayes-Kilback Pharma Plc
Cust0627,Rohan Inc Pharmaceutical Limited
Cust0628,Beier PLC Pharm
Cust0629,"Reynolds, Jast and Mante "
Cust0630,Abernathy and Sons 
Cust0631,Wehner-Stehr Pharm
Cust0632,Gleason PLC Pharma Plc
Cust0633,Smith Inc Pharmacy
Cust0634,Vandervort LLC Pharmaceutical Ltd
Cust0635,"Wiegand, Jast and Yost "
Cust0636,Parisian Ltd Pharma Plc
Cust0637,Walsh-Brown Pharmaceutical Ltd
Cust0638,Kozey Ltd Pharmacy
Cust0639,Quigley-Heathcote Pharmaceutical Ltd
Cust0640,Rowe PLC 
Cust0641,Nader-Borer Pharmaceutical Limited
Cust0642,Bashirian-Kassulke Pharmacy
Cust0643,Wolff Group 
Cust0644,Hill-Daniel Pharmaceutical Ltd
Cust0645,"Watsica, Larson and Labadie Pharmaceutical Ltd"
Cust0646,Erdman PLC 
Cust0647,"Langworth, Olson and Satterfield Pharmacy"
Cust0648,Reinger Group Pharma Plc
Cust0649,Monahan Ltd Pharma Plc
Cust0650,Purdy Ltd 
Cust0651,"Erdman, Senger and Oberbrunner Pharmaceutical Ltd"
Cust0652,Cummings LLC 
Cust0653,Kihn Group Pharm
Cust0654,Leuschke PLC Pharm
Cust0655,"Upton, Abernathy and Goodwin Pharm"
Cust0656,Feest-Kshlerin Pharma Plc
Cust0657,Gibson-Hill 
Cust0658,"Spinka, Schowalter and Conn Pharma Plc"
Cust0659,"Leuschke, Waters and Schowalter Pharma Plc"
Cust0660,Fahey-Prosacco Pharmaceutical Limited
Cust0661,"Casper, Hyatt and Jakubowski Pharmaceutical Ltd"
Cust0662,Gerlach PLC Pharmaceutical Ltd
Cust0663,Vandervort LLC Pharm
Cust0664,Miller-Satterfield Pharmaceutical Limited
Cust0665,"Torphy, Pfeffer and Jakubowski Pharmaceutical Ltd"
Cust0666,"Haag, Bradtke and Terry Pharm"
Cust0667,Bosco-Marquardt Pharmaceutical Ltd
Cust0668,Breitenberg-Kuhn Pharma Plc
Cust0669,"Brakus, Rempel and Harber Pharm"
Cust0670,McKenzie-Zemlak Pharma Plc
Cust0671,"Buckridge, Dach and Carroll "
Cust0672,"Funk, Ratke and Heaney "
Cust0673,Crist LLC 
Cust0674,Marquardt PLC Pharmaceutical Ltd
Cust0675,Erdman PLC Pharma Plc
Cust0676,Runolfsson-Halvorson Pharmacy
Cust0677,Goldner-Tillman Pharmacy
Cust0678,Friesen Group Pharm
Cust0679,"Corkery, Trantow and Ferry Pharm"
Cust0680,Crist LLC Pharma Plc
Cust0681,Rutherford and Sons Pharmaceutical Ltd
Cust0682,Roob PLC Pharm
Cust0683,Bosco-Marquardt Pharmaceutical Limited
Cust0684,Botsford PLC 
Cust0685,Doyle-Tillman Pharm
Cust0686,Smith Inc Pharm
Cust0687,Sauer and Sons Pharmacy
Cust0688,Boyer and Sons 
Cust0689,Koch-Osinski Pharmacy
Cust0690,"Gleichner, Bahringer and Morar Pharmaceutical Limited"
Cust0691,Heidenreich Group Pharmacy
Cust0692,White Inc Pharm
Cust0693,"Heathcote, Kovacek and Parker "
Cust0694,Upton PLC Pharma Plc
Cust0695,"Schmitt, Berge and Haley Pharmaceutical Ltd"
Cust0696,"Nolan, DuBuque and Schultz "
Cust0697,Lesch PLC Pharma Plc
Cust0698,"Crist, Wisoky and Nolan Pharmaceutical Limited"
Cust0699,Raynor LLC Pharmaceutical Limited
Cust0700,Bashirian Group Pharmacy
Cust0701,"Rodriguez, Stokes and Dickens "
Cust0702,Kling Inc Pharm
Cust0703,"Herman, Rice and Rippin Pharm"
Cust0704,Beier PLC Pharma Plc
Cust0705,"Buckridge, Hand and Hyatt Pharmaceutical Ltd"
Cust0706,Hartmann-Wolf Pharmacy
Cust0707,Lockman Ltd Pharm
Cust0708,Huels-Klein 
Cust0709,Schaefer Group Pharmaceutical Ltd
Cust0710,"McClure, Zemlak and Dibbert Pharmacy"
Cust0711,Cremin-Zemlak Pharmaceutical Limited
Cust0712,Osinski-Botsford Pharmacy
Cust0713,Konopelski-Blick Pharmaceutical Limited
Cust0714,Runte-Marquardt Pharm
Cust0715,Schaefer-Rolfson Pharmacy
Cust0716,"Beer, Kohler and Beatty Pharmacy"
Cust0717,Gibson-Hill Pharmaceutical Limited
Cust0718,McCullough LLC Pharmaceutical Limited
Cust0719,Hermiston LLC Pharmaceutical Ltd
Cust0720,"Heathcote, Grant and Witting Pharmacy"
Cust0721,Kohler-Bednar Pharm
Cust0722,Jast-Cruickshank Pharmaceutical Ltd
Cust0723,Schaden-Hirthe 
Cust0724,Carter-Conn Pharm
Cust0725,Feest PLC Pharmaceutical Limited
Cust0726,Watsica-Kovacek Pharmaceutical Ltd
Cust0727,Boyer and Sons Pharmaceutical Ltd
Cust0728,"Bogan, Jacobs and Kris Pharmaceutical Limited"
Cust0729,Nader-Borer Pharm
Cust0730,Bayer LLC 
Cust0731,Weber Ltd Pharmacy
Cust0732,Fahey-Flatley 
Cust0733,"Yundt, Leuschke and Ward Pharma Plc"
Cust0734,"Kuphal, Herzog and Purdy "
Cust0735,Tillman Group Pharma Plc
Cust0736,Mills Inc Pharmacy
Cust0737,Gottlieb-Koss Pharmacy
Cust0738,Rohan Inc Pharm
Cust0739,Corkery-Kovacek Pharma Plc
Cust0740,Steuber Ltd Pharmaceutical Limited
Cust0741,Hill-Daniel 
Cust0742,"Cormier, Dietrich and Zulauf Pharmaceutical Limited"
Cust0743,"Blick, Pacocha and Schowalter Pharmaceutical Limited"
Cust0744,"Steuber, Skiles and Kilback Pharmacy"
Cust0745,Hoeger Ltd Pharm
Cust0746,Mante-Grady Pharmaceutical Ltd
Cust0747,Trantow LLC Pharmacy
Cust0748,Mante-Grady Pharma Plc
Cust0749,Huel Inc Pharm
Cust0750,"Wisozk, Brekke and Bartoletti "
Cust0751,Huels-Klein Pharmaceutical Ltd
