Distributor,DisID
Gottlieb-Cruickshank  ,Dis01
Carter-Conn  ,Dis02
Prohaska-Kuhic ,Dis03
Smith Inc ,Dis04
Rohan   ,Dis05
Schuppe Inc ,Dis06
Cassin  ,Dis07
Graham and Sons ,Dis08
Stehr-Champlin  ,Dis09
Kris LLC  ,Dis010
Rogahn-Klein ,Dis011
Lindgren-Simonis Pharm,Dis012
Beier  ,Dis013
Gerlach LLC ,Dis014
Erdman  ,Dis015
Koss   ,Dis016
Schaefer LLC ,Dis017
Crist Inc ,Dis018
Rohan and Sons  ,Dis019
Lockman  ,Dis020
Kozey-Emmerich ,Dis021
Gleason   ,Dis022
Romaguera-Fay  ,Dis023
Daugherty-Rempel  ,Dis024
Welch-Langworth ,Dis025
Bashirian-Kassulke  ,Dis026
Nader-Gaylord  ,Dis027
Hansen Group Pharm,Dis028
Lesch   ,Dis029
